modelo,accuracy,precision,recall,f1,roc_auc
KNN,0.9016393442622951,0.8666666666666667,0.9285714285714286,0.896551724137931,0.952922077922078
