modelo,accuracy,precision,recall,f1,roc_auc
Random Forest optimizado,0.8524590163934426,0.8275862068965517,0.8571428571428571,0.8421052631578947,0.9415584415584416
