modelo,accuracy,precision,recall,f1,roc_auc
Evaluación externa - hungarian,0.8095238095238095,0.8472222222222222,0.5754716981132075,0.6853932584269663,0.8953733440385387
Evaluación externa - switzerland,0.5691056910569106,0.9696969696969697,0.5565217391304348,0.7071823204419889,0.7760869565217392
Evaluación externa - va_long_beach,0.6,0.8876404494382022,0.5302013422818792,0.6638655462184874,0.7250296091590999
