modelo,accuracy,precision,recall,f1,roc_auc
Regla base,0.7704918032786885,0.71875,0.8214285714285714,0.7666666666666667,
Regresión Logística,0.8688524590163934,0.8125,0.9285714285714286,0.8666666666666667,0.9577922077922079
KNN,0.9016393442622951,0.8666666666666667,0.9285714285714286,0.896551724137931,0.952922077922078
Árbol de Decisión,0.7868852459016393,0.7419354838709677,0.8214285714285714,0.7796610169491526,0.8598484848484849
Random Forest,0.8852459016393442,0.8387096774193549,0.9285714285714286,0.8813559322033898,0.941017316017316
Gradient Boosting,0.8852459016393442,0.8387096774193549,0.9285714285714286,0.8813559322033898,0.9437229437229437
